Response,contrast,estimate,SE,df,t.ratio,p.value
plant_height_cm,T0 - T1,-2.000000000000002,0.5577733510227174,10,-3.5856858280031823,0.031646496483727415
plant_height_cm,T0 - T2,-2.3333333333333344,0.5577733510227172,10,-4.183300132670379,0.012642665356286775
plant_height_cm,T0 - T3,0.33333333333333187,0.5577733510227172,10,0.597614304667194,0.9723077194336001
plant_height_cm,T0 - T4,-1.3333333333333348,0.5577733510227172,10,-2.3904572186687894,0.19495322115184366
plant_height_cm,T1 - T2,-0.33333333333333215,0.5577733510227174,10,-0.5976143046671943,0.9723077194336001
plant_height_cm,T1 - T3,2.333333333333334,0.5577733510227173,10,4.183300132670377,0.012642665356286775
plant_height_cm,T1 - T4,0.6666666666666674,0.5577733510227173,10,1.1952286093343945,0.7542498843233937
plant_height_cm,T2 - T3,2.666666666666666,0.5577733510227172,10,4.7809144373375725,0.005204625103956695
plant_height_cm,T2 - T4,0.9999999999999996,0.5577733510227172,10,1.7928429140015891,0.42742684440286693
plant_height_cm,T3 - T4,-1.6666666666666667,0.5577733510227172,10,-2.9880715233359836,0.07987844473719952
shoot_dry_weight_g,T0 - T1,-0.33666666666666706,1.9139882735040759,10,-0.1758979777082475,0.9997449299488281
shoot_dry_weight_g,T0 - T2,0.5533333333333338,1.9139882735040747,10,0.28909964653038706,0.9982009271389306
shoot_dry_weight_g,T0 - T3,-0.2466666666666672,1.9139882735040747,10,-0.1288757460436667,0.99992580974075
shoot_dry_weight_g,T0 - T4,2.083333333333333,1.9139882735040752,10,1.0884775848282633,0.8086006062303511
shoot_dry_weight_g,T1 - T2,0.8900000000000008,1.9139882735040754,10,0.46499762423863444,0.9889292334806218
shoot_dry_weight_g,T1 - T3,0.08999999999999986,1.9139882735040754,10,0.047022231664580895,0.9999986727515644
shoot_dry_weight_g,T1 - T4,2.42,1.9139882735040756,10,1.2643755625365103,0.7169596530083423
shoot_dry_weight_g,T2 - T3,-0.8000000000000009,1.9139882735040752,10,-0.41797539257405364,0.9925819271228036
shoot_dry_weight_g,T2 - T4,1.5299999999999994,1.9139882735040754,10,0.7993779382978762,0.9249515466271535
shoot_dry_weight_g,T3 - T4,2.33,1.9139882735040752,10,1.2173533308719298,0.7424645780718797
shoot_fresh_weight_g,T0 - T1,3.3333333333333273,4.35124503255486,10,0.7660642662948679,0.9347645089772214
shoot_fresh_weight_g,T0 - T2,7.666666666666656,4.351245032554857,10,1.7619478124781982,0.44298258533002477
shoot_fresh_weight_g,T0 - T3,10.666666666666657,4.351245032554858,10,2.4514056521435807,0.17859649861245208
shoot_fresh_weight_g,T0 - T4,9.999999999999991,4.351245032554858,10,2.2981927988846067,0.22214461170205513
shoot_fresh_weight_g,T1 - T2,4.333333333333329,4.35124503255486,10,0.995883546183329,0.8514440525609804
shoot_fresh_weight_g,T1 - T3,7.33333333333333,4.351245032554859,10,1.685341385848712,0.4827794864038364
shoot_fresh_weight_g,T1 - T4,6.666666666666664,4.351245032554859,10,1.5321285325897385,0.5665370050126224
shoot_fresh_weight_g,T2 - T3,3.000000000000001,4.351245032554858,10,0.6894578396653829,0.954303358362738
shoot_fresh_weight_g,T2 - T4,2.333333333333335,4.351245032554858,10,0.536244986406409,0.9812668695009215
shoot_fresh_weight_g,T3 - T4,-0.6666666666666661,4.351245032554858,10,-0.1532128532589738,0.9998524622413028
root_fresh_weight_g,T0 - T1,-0.5866666666666677,0.4040132011044526,10,-1.4520977657732335,0.6116324860681162
root_fresh_weight_g,T0 - T2,-1.0033333333333336,0.4040132011044524,10,-2.483417201691721,0.17049457821261993
root_fresh_weight_g,T0 - T3,-0.8633333333333337,0.40401320110445244,10,-2.136893871223109,0.2771533896877272
root_fresh_weight_g,T0 - T4,-0.9700000000000005,0.40401320110445244,10,-2.4009116468182423,0.19205896751417928
root_fresh_weight_g,T1 - T2,-0.41666666666666596,0.40401320110445255,10,-1.0313194359184863,0.8355905613727139
root_fresh_weight_g,T1 - T3,-0.27666666666666606,0.40401320110445255,10,-0.6847961054498746,0.9553572723945025
root_fresh_weight_g,T1 - T4,-0.38333333333333286,0.40401320110445255,10,-0.9488138810450079,0.8713593973547468
root_fresh_weight_g,T2 - T3,0.1399999999999999,0.40401320110445244,10,0.34652333046861183,0.9963721461455683
root_fresh_weight_g,T2 - T4,0.033333333333333104,0.4040132011044525,10,0.08250555487347849,0.9999874579310282
root_fresh_weight_g,T3 - T4,-0.1066666666666668,0.4040132011044525,10,-0.2640177755951333,0.9987374024539447
root_dry_weight_g,T0 - T1,-0.2866666666666669,0.17347430165108996,10,-1.6525022089049335,0.5003207781309045
root_dry_weight_g,T0 - T2,-0.41333333333333333,0.17347430165108985,10,-2.3826776035373456,0.19713117714570416
root_dry_weight_g,T0 - T3,-0.7866666666666666,0.17347430165108987,10,-4.5347735035065595,0.00746803261600415
root_dry_weight_g,T0 - T4,-0.9133333333333333,0.17347430165108987,10,-5.2649488981389725,0.002611103717032104
root_dry_weight_g,T1 - T2,-0.12666666666666643,0.17347430165108993,10,-0.7301753946324107,0.9444418999657493
root_dry_weight_g,T1 - T3,-0.4999999999999997,0.1734743016510899,10,-2.882271294601625,0.09392925592507895
root_dry_weight_g,T1 - T4,-0.6266666666666665,0.17347430165108993,10,-3.6124466892340372,0.030360486965507638
root_dry_weight_g,T2 - T3,-0.3733333333333333,0.17347430165108987,10,-2.152095899969215,0.27154922701520023
root_dry_weight_g,T2 - T4,-0.5,0.1734743016510899,10,-2.882271294601627,0.09392925592507873
root_dry_weight_g,T3 - T4,-0.1266666666666667,0.1734743016510899,10,-0.7301753946324123,0.9444418999657489
pod_fresh_weight_g,T0 - T1,-8.966666666666677,0.9184528052957085,10,-9.762795230158545,1.527887581065368e-5
pod_fresh_weight_g,T0 - T2,-9.866666666666669,0.9184528052957079,10,-10.742704045081517,6.369082506063606e-6
pod_fresh_weight_g,T0 - T3,-7.800000000000004,0.918452805295708,10,-8.492543062665796,5.308452065710956e-5
pod_fresh_weight_g,T0 - T4,-13.800000000000004,0.918452805295708,10,-15.025268495485635,2.7471111430088513e-7
pod_fresh_weight_g,T1 - T2,-0.8999999999999915,0.9184528052957084,10,-0.9799088149229662,0.8583536677744003
pod_fresh_weight_g,T1 - T3,1.1666666666666732,0.9184528052957083,10,1.2702521674927534,0.7137340815422502
pod_fresh_weight_g,T1 - T4,-4.833333333333327,0.9184528052957083,10,-5.262473265327085,0.002620144995007845
pod_fresh_weight_g,T2 - T3,2.0666666666666647,0.918452805295708,10,2.25016098241572,0.2375088461923348
pod_fresh_weight_g,T2 - T4,-3.9333333333333353,0.9184528052957082,10,-4.282564450404118,0.010882990579714757
pod_fresh_weight_g,T3 - T4,-6,0.9184528052957082,10,-6.532725432819839,4.90695063457669e-4
pod_dry_weight_g,T0 - T1,-1.7000000000000024,0.929037733954392,10,-1.8298503256310772,0.4092000457534065
pod_dry_weight_g,T0 - T2,-1.3333333333333337,0.9290377339543915,10,-1.4351767259851578,0.6212118336366136
pod_dry_weight_g,T0 - T3,-1.7333333333333343,0.9290377339543916,10,-1.8657297437807054,0.39197189529196974
pod_dry_weight_g,T0 - T4,-3.6666666666666674,0.9290377339543917,10,-3.946735996459183,0.018130007996057462
pod_dry_weight_g,T1 - T2,0.3666666666666687,0.9290377339543918,10,0.39467359964592036,0.9940319519593297
pod_dry_weight_g,T1 - T3,-0.03333333333333188,0.9290377339543918,10,-0.03587941814962736,0.9999995498234692
pod_dry_weight_g,T1 - T4,-1.966666666666665,0.9290377339543918,10,-2.1168856708281045,0.28466465276859354
pod_dry_weight_g,T2 - T3,-0.4000000000000006,0.9290377339543917,10,-0.4305530177955478,0.991703831987334
pod_dry_weight_g,T2 - T4,-2.333333333333334,0.9290377339543917,10,-2.5115592704740255,0.16364121270998544
pod_dry_weight_g,T3 - T4,-1.9333333333333331,0.9290377339543918,10,-2.081006252678477,0.2985204662770218
pods_per_plant,T0 - T1,-0.6666666666666674,0.7302967433402215,10,-0.9128709291752778,0.8856306720174407
pods_per_plant,T0 - T2,-0.3333333333333337,0.7302967433402212,10,-0.4564354645876391,0.9896715605247495
pods_per_plant,T0 - T3,-0.666666666666667,0.7302967433402212,10,-0.9128709291752776,0.8856306720174408
pods_per_plant,T0 - T4,-2.0000000000000004,0.7302967433402212,10,-2.7386127875258324,0.11679525611727237
pods_per_plant,T1 - T2,0.3333333333333337,0.7302967433402214,10,0.45643546458763895,0.9896715605247495
pods_per_plant,T1 - T3,4.440892098500626e-16,0.7302967433402213,10,6.080941944488119e-16,1
pods_per_plant,T1 - T4,-1.333333333333333,0.7302967433402214,10,-1.8257418583505534,0.4112010064579522
pods_per_plant,T2 - T3,-0.33333333333333326,0.7302967433402212,10,-0.4564354645876385,0.9896715605247495
pods_per_plant,T2 - T4,-1.6666666666666667,0.7302967433402213,10,-2.2821773229381925,0.22717375517643723
pods_per_plant,T3 - T4,-1.3333333333333335,0.7302967433402212,10,-1.8257418583505547,0.4112010064579513
grains_per_pod,T0 - T1,-13.666666666666686,1.909042808436849,10,-7.158910531638179,2.3058320034474722e-4
grains_per_pod,T0 - T2,-8.000000000000009,1.9090428084368478,10,-4.190581774617472,0.012504056458942925
grains_per_pod,T0 - T3,-12.00000000000001,1.909042808436848,10,-6.285872661926207,6.691730348381553e-4
grains_per_pod,T0 - T4,-41.00000000000001,1.909042808436848,10,-21.476731594914522,7.436737003985172e-9
grains_per_pod,T1 - T2,5.666666666666677,1.9090428084368485,10,2.9683287570207106,0.08233741526464922
grains_per_pod,T1 - T3,1.666666666666675,1.9090428084368485,10,0.8730378697119765,0.9004476361204031
grains_per_pod,T1 - T4,-27.33333333333332,1.9090428084368485,10,-14.317821063276336,4.296396984848627e-7
grains_per_pod,T2 - T3,-4.000000000000002,1.909042808436848,10,-2.0952908873087344,0.29294456046928397
grains_per_pod,T2 - T4,-33,1.9090428084368483,10,-17.28614982029705,7.559857273520265e-8
grains_per_pod,T3 - T4,-28.999999999999996,1.9090428084368483,10,-15.190858932988315,2.483478735992861e-7
pod_length_cm,T0 - T1,-2.266666666666671,0.6300934674933378,10,-3.597349891094748,0.031079326944641106
pod_length_cm,T0 - T2,-1.0000000000000018,0.6300934674933374,10,-1.5870661284241545,0.5359945313104919
pod_length_cm,T0 - T3,-1.2333333333333356,0.6300934674933375,10,-1.9573815583897902,0.3500551760934252
pod_length_cm,T0 - T4,-2.6900000000000013,0.6300934674933375,10,-4.269207885460969,0.01110411501625752
pod_length_cm,T1 - T2,1.2666666666666693,0.6300934674933377,10,2.010283762670595,0.3272856891563326
pod_length_cm,T1 - T3,1.0333333333333354,0.6300934674933376,10,1.6399683327049595,0.5070836789004615
pod_length_cm,T1 - T4,-0.42333333333333023,0.6300934674933376,10,-0.6718579943662191,0.9582022598291289
pod_length_cm,T2 - T3,-0.23333333333333384,0.6300934674933375,10,-0.3703154299656361,0.9953194619044344
pod_length_cm,T2 - T4,-1.6899999999999995,0.6300934674933376,10,-2.6821417570368147,0.12713160149270808
pod_length_cm,T3 - T4,-1.4566666666666657,0.6300934674933376,10,-2.3118263270711785,0.21793662219467758
grain_k_pct,T0 - T1,0.1803333333333335,0.028732482586013262,10,6.276287918855933,6.773812209958097e-4
grain_k_pct,T0 - T2,-0.023666666666666634,0.028732482586013245,10,-0.8236902814025332,0.9172877514042004
grain_k_pct,T0 - T3,0.07133333333333333,0.02873248258601325,10,2.4826721157766523,0.17067941986259383
grain_k_pct,T0 - T4,-0.17299999999999996,0.028732482586013252,10,-6.021059944336833,9.410090269893479e-4
grain_k_pct,T1 - T2,-0.20400000000000015,0.028732482586013255,10,-7.099978200258468,2.471017544480869e-4
grain_k_pct,T1 - T3,-0.10900000000000018,0.028732482586013255,10,-3.7936158030792826,0.022942811828424836
grain_k_pct,T1 - T4,-0.3533333333333335,0.028732482586013255,10,-12.297347863192767,1.8025288739398349e-6
grain_k_pct,T2 - T3,0.09499999999999997,0.028732482586013252,10,3.306362397179185,0.04882794197512452
grain_k_pct,T2 - T4,-0.14933333333333332,0.028732482586013252,10,-5.1973696629343,0.002870248738885861
grain_k_pct,T3 - T4,-0.2443333333333333,0.028732482586013255,10,-8.503732060113483,5.2473183750234575e-5
plant_k_pct,T0 - T1,-0.310666666666667,0.022071600656852083,10,-14.075402663205631,5.040152837310075e-7
plant_k_pct,T0 - T2,-0.2216666666666667,0.02207160065685207,10,-10.043071642737921,1.1812838683233906e-5
plant_k_pct,T0 - T3,-0.22666666666666674,0.022071600656852073,10,-10.269607093325995,9.635411917119363e-6
plant_k_pct,T0 - T4,-0.6226666666666667,0.022071600656852073,10,-28.211214779901404,3.809610404914565e-10
plant_k_pct,T1 - T2,0.08900000000000027,0.02207160065685208,10,4.0323310204677165,0.01590501283512824
plant_k_pct,T1 - T3,0.08400000000000024,0.022071600656852076,10,3.8057955698796424,0.022516009389093705
plant_k_pct,T1 - T4,-0.3119999999999997,0.02207160065685208,10,-14.13581211669576,4.842032663709972e-7
plant_k_pct,T2 - T3,-0.005000000000000032,0.022071600656852073,10,-0.2265354505880748,0.9993074862869971
plant_k_pct,T2 - T4,-0.401,0.022071600656852073,10,-18.168143137163483,4.6867631331437565e-8
plant_k_pct,T3 - T4,-0.39599999999999996,0.022071600656852076,10,-17.941607686575406,5.2985347442913167e-8
plant_n_pct,T0 - T1,-0.507566666666667,0.04587127883787672,10,-11.065021066026185,4.8444818767645614e-6
plant_n_pct,T0 - T2,-0.31329999999999986,0.04587127883787669,10,-6.829981808601829,3.40952843517095e-4
plant_n_pct,T0 - T3,-0.5006999999999999,0.04587127883787669,10,-10.915326816364304,5.496406623506367e-6
plant_n_pct,T0 - T4,-0.5637666666666665,0.0458712788378767,10,-12.290188565686003,1.8124574294731133e-6
plant_n_pct,T1 - T2,0.1942666666666672,0.045871278837876714,10,4.2350392574243605,0.011691328057332528
plant_n_pct,T1 - T3,0.006866666666667132,0.04587127883787671,10,0.1496942496618866,0.9998654623592376
plant_n_pct,T1 - T4,-0.05619999999999947,0.04587127883787671,10,-1.2251674996598125,0.7382670394923424
plant_n_pct,T2 - T3,-0.18740000000000007,0.0458712788378767,10,-4.085345007762475,0.014670133229533144
plant_n_pct,T2 - T4,-0.25046666666666667,0.04587127883787671,10,-5.460206757084174,0.0019927128114399784
plant_n_pct,T3 - T4,-0.0630666666666666,0.0458712788378767,10,-1.3748617493216992,0.6553343889514278
grain_n_pct,T0 - T1,-0.2710000000000003,0.06816841888538512,10,-3.9754479336779953,0.017349947517332542
grain_n_pct,T0 - T2,-0.12300000000000005,0.06816841888538508,10,-1.8043545972044035,0.42170867560156533
grain_n_pct,T0 - T3,-0.2910000000000001,0.06816841888538508,10,-4.268838925093345,0.01111028928617519
grain_n_pct,T0 - T4,-0.2780000000000002,0.0681684188853851,10,-4.078134780673368,0.01483208681138315
grain_n_pct,T1 - T2,0.14800000000000024,0.06816841888538511,10,2.171093336473593,0.2646702750211003
grain_n_pct,T1 - T3,-0.019999999999999796,0.06816841888538511,10,-0.2933909914153469,0.9980947638098856
grain_n_pct,T1 - T4,-0.006999999999999895,0.06816841888538511,10,-0.10268684699537094,0.9999699781683309
grain_n_pct,T2 - T3,-0.16800000000000004,0.0681684188853851,10,-2.4644843278889406,0.1752464710061501
grain_n_pct,T2 - T4,-0.15500000000000014,0.0681684188853851,10,-2.2737801834689644,0.22984796903127735
grain_n_pct,T3 - T4,0.0129999999999999,0.0681684188853851,10,0.19070414441997605,0.9996488219777474
plant_p_pct,T0 - T1,-0.03600000000000004,0.012925427136720345,10,-2.7852077629006358,0.10886061834930993
plant_p_pct,T0 - T2,-0.020666666666666673,0.012925427136720336,10,-1.5989155675911055,0.5294711443836002
plant_p_pct,T0 - T3,-0.03566666666666667,0.012925427136720338,10,-2.759418802133036,0.11318775494924116
plant_p_pct,T0 - T4,-0.06533333333333334,0.012925427136720338,10,-5.0546363104492995,0.003511583224978576
plant_p_pct,T1 - T2,0.015333333333333365,0.012925427136720341,10,1.1862921953095316,0.7589658307017211
plant_p_pct,T1 - T3,3.33333333333366e-4,0.012925427136720341,10,0.025788960767600986,0.9999998797975915
plant_p_pct,T1 - T4,-0.0293333333333333,0.012925427136720341,10,-2.2694285475486615,0.2312439836248037
plant_p_pct,T2 - T3,-0.015,0.012925427136720338,10,-1.1605032345419308,0.7724202368857425
plant_p_pct,T2 - T4,-0.04466666666666667,0.01292542713672034,10,-3.4557207428581935,0.03871927821142207
plant_p_pct,T3 - T4,-0.029666666666666668,0.01292542713672034,10,-2.295217508316263,0.2230718605935088
grain_p_pct,T0 - T1,-0.023666666666666634,0.0055777335102271735,10,-4.243061563137089,0.01155061819071479
grain_p_pct,T0 - T2,-0.12733333333333327,0.005577733510227169,10,-22.828866438286912,3.4570477591699955e-9
grain_p_pct,T0 - T3,-0.10333333333333329,0.00557773351022717,10,-18.526043444683093,3.859484221102605e-8
grain_p_pct,T0 - T4,-0.17533333333333329,0.005577733510227171,10,-31.434512425494542,2.0519519416950516e-10
grain_p_pct,T1 - T2,-0.10366666666666663,0.005577733510227172,10,-18.585804875149808,3.7360671889530295e-8
grain_p_pct,T1 - T3,-0.07966666666666666,0.005577733510227172,10,-14.282981881546,4.395210655427917e-7
grain_p_pct,T1 - T4,-0.15166666666666664,0.005577733510227172,10,-27.191450862357446,4.971678624343667e-10
grain_p_pct,T2 - T3,0.02399999999999998,0.00557773351022717,10,4.302822993603813,0.010556310386910961
grain_p_pct,T2 - T4,-0.048000000000000015,0.005577733510227171,10,-8.605645987207636,4.724412438750214e-5
grain_p_pct,T3 - T4,-0.072,0.005577733510227172,10,-12.908468980811447,1.1398414230257004e-6
